day	judge_branch	reference_branch	count
2026-09-18	admin_cert	deliverable	1
2026-09-19	admin_cert	deliverable	0
2026-09-20	admin_cert	deliverable	1
2026-09-18	admin_cert	platform_issue	0
2026-09-19	admin_cert	platform_issue	1
2026-09-20	admin_cert	platform_issue	0
2026-09-18	chitchat	admin_cert	5
2026-09-19	chitchat	admin_cert	1
2026-09-20	chitchat	admin_cert	0
2026-09-18	chitchat	concrete_block	33
2026-09-19	chitchat	concrete_block	24
2026-09-20	chitchat	concrete_block	21
2026-09-18	chitchat	deliverable	10
2026-09-19	chitchat	deliverable	7
2026-09-20	chitchat	deliverable	8
2026-09-18	chitchat	handout	0
2026-09-19	chitchat	handout	0
2026-09-20	chitchat	handout	3
2026-09-18	chitchat	hypothetical	14
2026-09-19	chitchat	hypothetical	13
2026-09-20	chitchat	hypothetical	19
2026-09-18	chitchat	platform_issue	0
2026-09-19	chitchat	platform_issue	10
2026-09-20	chitchat	platform_issue	1
2026-09-18	chitchat	spell_command	2
2026-09-19	chitchat	spell_command	5
2026-09-20	chitchat	spell_command	1
2026-09-18	concrete_block	chitchat	0
2026-09-19	concrete_block	chitchat	2
2026-09-20	concrete_block	chitchat	6
2026-09-18	concrete_block	deliverable	29
2026-09-19	concrete_block	deliverable	6
2026-09-20	concrete_block	deliverable	15
2026-09-18	concrete_block	handout	0
2026-09-19	concrete_block	handout	0
2026-09-20	concrete_block	handout	1
2026-09-18	concrete_block	hypothetical	14
2026-09-19	concrete_block	hypothetical	14
2026-09-20	concrete_block	hypothetical	25
2026-09-18	concrete_block	platform_issue	13
2026-09-19	concrete_block	platform_issue	33
2026-09-20	concrete_block	platform_issue	20
2026-09-18	concrete_block	spell_command	0
2026-09-19	concrete_block	spell_command	0
2026-09-20	concrete_block	spell_command	2
2026-09-18	deliverable	admin_cert	1
2026-09-19	deliverable	admin_cert	1
2026-09-20	deliverable	admin_cert	0
2026-09-18	deliverable	chitchat	6
2026-09-19	deliverable	chitchat	8
2026-09-20	deliverable	chitchat	10
2026-09-18	deliverable	concrete_block	105
2026-09-19	deliverable	concrete_block	83
2026-09-20	deliverable	concrete_block	43
2026-09-18	deliverable	handout	1
2026-09-19	deliverable	handout	0
2026-09-20	deliverable	handout	1
2026-09-18	deliverable	hypothetical	61
2026-09-19	deliverable	hypothetical	6
2026-09-20	deliverable	hypothetical	10
2026-09-18	deliverable	platform_issue	4
2026-09-19	deliverable	platform_issue	14
2026-09-20	deliverable	platform_issue	9
2026-09-18	deliverable	spell_command	2
2026-09-19	deliverable	spell_command	2
2026-09-20	deliverable	spell_command	2
2026-09-18	handout	chitchat	3
2026-09-19	handout	chitchat	9
2026-09-20	handout	chitchat	11
2026-09-18	handout	concrete_block	63
2026-09-19	handout	concrete_block	46
2026-09-20	handout	concrete_block	31
2026-09-18	handout	deliverable	3
2026-09-19	handout	deliverable	5
2026-09-20	handout	deliverable	0
2026-09-18	handout	hypothetical	22
2026-09-19	handout	hypothetical	19
2026-09-20	handout	hypothetical	26
2026-09-18	handout	platform_issue	19
2026-09-19	handout	platform_issue	8
2026-09-20	handout	platform_issue	2
2026-09-18	handout	spell_command	1
2026-09-19	handout	spell_command	2
2026-09-20	handout	spell_command	1
2026-09-18	hypothetical	admin_cert	1
2026-09-19	hypothetical	admin_cert	1
2026-09-20	hypothetical	admin_cert	0
2026-09-18	hypothetical	chitchat	3
2026-09-19	hypothetical	chitchat	17
2026-09-20	hypothetical	chitchat	13
2026-09-18	hypothetical	concrete_block	20
2026-09-19	hypothetical	concrete_block	21
2026-09-20	hypothetical	concrete_block	34
2026-09-18	hypothetical	deliverable	0
2026-09-19	hypothetical	deliverable	0
2026-09-20	hypothetical	deliverable	2
2026-09-18	hypothetical	handout	2
2026-09-19	hypothetical	handout	0
2026-09-20	hypothetical	handout	7
2026-09-18	hypothetical	platform_issue	3
2026-09-19	hypothetical	platform_issue	13
2026-09-20	hypothetical	platform_issue	1
2026-09-18	hypothetical	spell_command	0
2026-09-19	hypothetical	spell_command	2
2026-09-20	hypothetical	spell_command	1
2026-09-18	platform_issue	chitchat	1
2026-09-19	platform_issue	chitchat	2
2026-09-20	platform_issue	chitchat	2
2026-09-18	platform_issue	concrete_block	30
2026-09-19	platform_issue	concrete_block	3
2026-09-20	platform_issue	concrete_block	12
2026-09-18	platform_issue	deliverable	1
2026-09-19	platform_issue	deliverable	1
2026-09-20	platform_issue	deliverable	2
2026-09-18	platform_issue	hypothetical	0
2026-09-19	platform_issue	hypothetical	2
2026-09-20	platform_issue	hypothetical	3
2026-09-18	platform_issue	spell_command	0
2026-09-19	platform_issue	spell_command	1
2026-09-20	platform_issue	spell_command	0
2026-09-18	spell_command	concrete_block	3
2026-09-19	spell_command	concrete_block	2
2026-09-20	spell_command	concrete_block	3
2026-09-18	spell_command	deliverable	1
2026-09-19	spell_command	deliverable	1
2026-09-20	spell_command	deliverable	1
2026-09-18	spell_command	handout	0
2026-09-19	spell_command	handout	1
2026-09-20	spell_command	handout	0
2026-09-18	spell_command	hypothetical	0
2026-09-19	spell_command	hypothetical	1
2026-09-20	spell_command	hypothetical	1
2026-09-18	spell_command	platform_issue	2
2026-09-19	spell_command	platform_issue	1
2026-09-20	spell_command	platform_issue	0
